name,gender,age
Joan,f,14
Harold,m,42
Jennifer,f,23
Emily,f,34
Timothy,m,50
Judy,f,32
Todd,m,23
michael,m,34
frank,m,47
Betty,f,19
Clarence,m,45
Keith,m,31
Sarah,f,24
Harold,m,52
Phillip,m,39
Kenneth,m,20
Aaron,m,39
Sarah,f,14
Jonathan,m,55
Larry,m,36
Paul,m,31
Patrick,m,15
Bonnie,f,16
Kenneth,m,47
Ralph,m,48
Diane,f,35
Ashley,f,16
Cheryl,f,35
Joe,m,52
Lois,f,15
Lawrence,m,17
Lawrence,m,55
Robert,m,14
Gerald,m,30
Debra,f,58
Randy,m,49
Tammy,f,21
Jeffrey,m,25
Annie,f,23
margaret,f,15
Sara,f,49
Christine,f,58
mildred,f,48
Elizabeth,f,17
Donald,m,31
Shawn,m,42
Craig,m,29
Aaron,m,14
Albert,m,41
Henry,m,15
Virginia,f,31
Kelly,f,15
Dennis,m,35
Randy,m,47
Rebecca,f,44
Helen,f,14
Betty,f,45
Justin,m,37
Julie,f,50
Eugene,m,41
Jonathan,m,38
Jose,m,28
Heather,f,51
Norma,f,36
Arthur,m,54
Kelly,f,50
Emily,f,21
Arthur,m,33
Patrick,m,15
martin,m,37
Steven,m,41
William,m,43
frances,f,52
Elizabeth,f,14
Antonio,m,44
Gregory,m,20
mary,f,16
Jonathan,m,29
Clarence,m,34
Brenda,f,43
Annie,f,43
Debra,f,26
Todd,m,24
Victor,m,49
Dennis,m,56
Justin,m,56
Adam,m,38
Alice,f,37
Emily,f,35
Rebecca,f,26
Gary,m,45
Henry,m,23
Kimberly,f,58
Todd,m,36
Janice,f,32
Theresa,f,21
Nicole,f,34
Victor,m,28
Robin,f,45
Susan,f,24
Cynthia,f,24
Lawrence,m,16
Arthur,m,47
Nancy,f,19
Harry,m,29
Andrea,f,58
Jane,f,23
Aaron,m,28
Sarah,f,40
Lois,f,56
Andrew,m,29
Scott,m,55
Paul,m,14
Juan,m,26
Juan,m,29
Angela,f,41
Lori,f,24
Wanda,f,28
Christine,f,40
matthew,m,35
Debra,f,31
Terry,m,29
Eric,m,48
Roy,m,26
Sharon,f,35
Kathleen,f,46
Tina,f,15
Susan,f,15
Laura,f,19
Thomas,m,25
Chris,m,29
Elizabeth,f,36
Nicole,f,50
Shawn,m,29
Ashley,f,42
Shirley,f,38
Evelyn,f,53
Tina,f,14
Bobby,m,20
Timothy,m,39
Catherine,f,23
Linda,f,42
Eric,m,58
Jesse,m,28
Deborah,f,22
Jimmy,m,15
Doris,f,21
Jeremy,m,41
Karen,f,24
Christine,f,18
Daniel,m,57
Carlos,m,32
Paula,f,28
Larry,m,19
Jimmy,m,50
Wanda,f,25
Doris,f,31
melissa,f,54
Justin,m,50
Joshua,m,54
Clarence,m,53
Steve,m,57
Walter,m,52
Scott,m,54
Carlos,m,40
Joan,f,25
Julie,f,52
Louis,m,52
Jack,m,29
matthew,m,47
Lawrence,m,40
mark,m,23
Sandra,f,26
michelle,f,51
Jean,f,20
Gerald,m,17
Joseph,m,39
Jessica,f,16
Jeffrey,m,21
Shawn,m,44
melissa,f,49
Evelyn,f,35
Jeffrey,m,54
Cynthia,f,21
Julie,f,42
Juan,m,17
William,m,56
Christina,f,33
Elizabeth,f,37
Carolyn,f,14
Sean,m,30
Kathy,f,45
Wanda,f,28
Elizabeth,f,21
Kathleen,f,24
frances,f,39
Betty,f,33
Aaron,m,56
Diane,f,18
Angela,f,22
Walter,m,54
Christopher,m,39
Joan,f,14
Roger,m,35
Brian,m,14
Gerald,m,16
Paul,m,57
Theresa,f,40
Todd,m,53
Jerry,m,41
Samuel,m,44
Kelly,f,18
Jane,f,41
Larry,m,25
Susan,f,25
Kevin,m,19
Jose,m,42
margaret,f,17
Susan,f,35
Henry,m,56
Sara,f,38
Dorothy,f,38
Harold,m,17
Elizabeth,f,37
Elizabeth,f,53
Deborah,f,52
Ernest,m,35
Jeffrey,m,49
Jane,f,36
Anthony,m,22
Louise,f,35
Harold,m,27
James,m,14
Ruby,f,36
Nancy,f,28
Cheryl,f,33
Bobby,m,30
Johnny,m,25
Sharon,f,34
maria,f,42
marilyn,f,16
maria,f,42
Raymond,m,14
frances,f,35
Peter,m,39
Jennifer,f,18
Lori,f,53
Ralph,m,54
Christina,f,35
George,m,50
Victor,m,51
Janice,f,14
melissa,f,32
Scott,m,14
Henry,m,38
Terry,m,41
fred,m,21
Stephen,m,28
Charles,m,44
Phyllis,f,52
Anne,f,41
Ronald,m,50
Stephanie,f,27
Jane,f,49
Ronald,m,58
marie,f,42
Timothy,m,53
Carlos,m,24
Teresa,f,38
Steve,m,34
William,m,27
Katherine,f,48
Tina,f,30
Kathleen,f,27
Steve,m,52
Rachel,f,41
Joshua,m,33
Rose,f,51
Lawrence,m,56
Lois,f,17
Adam,m,54
Phillip,m,51
Phillip,m,15
Rebecca,f,52
Sara,f,55
martha,f,49
Sean,m,54
Jacqueline,f,50
Wayne,m,25
Debra,f,41
Dorothy,f,16
Cheryl,f,15
Wayne,m,56
michael,m,19
Roger,m,22
Roy,m,16
Dorothy,f,46
Philip,m,46
Jean,f,23
James,m,48
Terry,m,49
Benjamin,m,45
Lois,f,36
Craig,m,38
Earl,m,16
Juan,m,31
Aaron,m,54
Louis,m,21
Thomas,m,31
Annie,f,52
Victor,m,42
Clarence,m,22
Jennifer,f,57
martha,f,45
Jean,f,56
Jonathan,m,39
Christopher,m,47
Billy,m,45
Eugene,m,43
Gloria,f,39
Daniel,m,41
Jason,m,51
Alan,m,20
Albert,m,28
Kelly,f,28
Jose,m,49
Phyllis,f,32
mark,m,37
Norma,f,47
Jane,f,16
maria,f,37
David,m,19
Annie,f,55
Carlos,m,48
Joan,f,20
Nancy,f,37
Lois,f,20
fred,m,16
mildred,f,14
Anna,f,31
Carol,f,35
Sara,f,42
Laura,f,20
Juan,m,54
Richard,m,55
Jacqueline,f,34
Christina,f,35
Julie,f,55
Dennis,m,31
Katherine,f,34
Louise,f,46
Sara,f,14
Ronald,m,35
Shirley,f,43
Heather,f,28
Andrew,m,54
Kelly,f,43
Willie,m,53
Joyce,f,41
mary,f,42
Alice,f,47
Willie,m,50
Norma,f,49
Christine,f,36
Sean,m,18
Rose,f,54
George,m,18
Diana,f,30
Jennifer,f,35
Larry,m,56
Steve,m,39
matthew,m,47
Kathy,f,19
matthew,m,45
Eugene,m,27
Antonio,m,41
Henry,m,38
Sandra,f,22
Gloria,f,50
Jesse,m,46
Benjamin,m,57
Walter,m,53
Jose,m,31
Gloria,f,49
michael,m,17
Joseph,m,41
Beverly,f,46
Peter,m,30
Brandon,m,26
Aaron,m,43
Ruth,f,52
Juan,m,17
Benjamin,m,34
Katherine,f,56
fred,m,48
Julia,f,26
Steven,m,18
Anthony,m,57
Andrea,f,41
Stephen,m,19
melissa,f,57
Katherine,f,58
Roy,m,43
Lori,f,22
Carolyn,f,36
Timothy,m,39
Harold,m,26
Katherine,f,54
Patrick,m,35
Jack,m,58
Laura,f,38
Christine,f,17
Janice,f,34
Kenneth,m,47
Deborah,f,39
Phillip,m,15
Andrea,f,24
Shawn,m,21
Diane,f,27
Willie,m,15
Steven,m,37
michael,m,19
Willie,m,37
Patrick,m,18
Rebecca,f,15
Alan,m,44
Todd,m,26
Justin,m,39
Juan,m,17
Katherine,f,45
mary,f,37
Paula,f,43
Larry,m,52
Anna,f,32
Kathryn,f,43
Jose,m,56
Walter,m,27
Gerald,m,23
Sharon,f,55
mildred,f,35
Denise,f,42
Jimmy,m,23
frank,m,35
Lillian,f,15
Jean,f,47
martin,m,50
Angela,f,38
Deborah,f,18
Janice,f,16
Jesse,m,51
Joshua,m,17
Eugene,m,39
Richard,m,32
Elizabeth,f,48
Pamela,f,27
Sean,m,52
Jason,m,42
michael,m,49
Johnny,m,33
Adam,m,57
Benjamin,m,53
Carol,f,20
Sean,m,22
Emily,f,37
Janet,f,36
Harry,m,53
Donald,m,39
Ronald,m,23
Sara,f,43
Steven,m,24
Heather,f,49
Victor,m,33
Kathryn,f,47
Katherine,f,51
Todd,m,21
Dorothy,f,48
Carlos,m,21
Ann,f,25
Theresa,f,30
Sandra,f,57
matthew,m,28
George,m,42
Lisa,f,38
Beverly,f,57
Catherine,f,24
Justin,m,57
Henry,m,54
Jonathan,m,25
Joshua,m,27
Lois,f,55
Rachel,f,46
Albert,m,57
Kathryn,f,57
Steven,m,18
Ryan,m,17
Cynthia,f,57
Paula,f,50
Debra,f,50
Rachel,f,44
Joseph,m,23
Gregory,m,19
martha,f,36
Edward,m,53
Donald,m,18
Sarah,f,34
Jerry,m,44
Carol,f,16
Lisa,f,37
Adam,m,54
Phillip,m,58
Amanda,f,28
Lawrence,m,26
Randy,m,33
Kathleen,f,31
Eugene,m,25
martin,m,35
Doris,f,17
Ronald,m,46
Wayne,m,17
Anne,f,58
Roy,m,26
Ann,f,46
Ruby,f,22
Robin,f,55
Lori,f,38
Linda,f,35
Steven,m,22
marilyn,f,40
Arthur,m,22
Anthony,m,35
Chris,m,37
Arthur,m,31
Louis,m,16
Keith,m,55
Douglas,m,42
Rose,f,17
Sarah,f,14
Keith,m,43
Wayne,m,34
Todd,m,36
Timothy,m,20
Douglas,m,16
Arthur,m,40
Catherine,f,49
Robert,m,33
Norma,f,42
Wanda,f,36
Steve,m,23
Shawn,m,20
Clarence,m,28
Arthur,m,49
Linda,f,30
Elizabeth,f,26
Philip,m,39
Carlos,m,15
Johnny,m,38
Patrick,m,49
Paula,f,22
Lois,f,23
Virginia,f,25
Craig,m,18
Lois,f,47
Clarence,m,15
Lisa,f,46
Judith,f,26
Stephen,m,37
Nancy,f,36
Sara,f,23
Roy,m,24
Patrick,m,49
Wayne,m,20
Diana,f,47
Russell,m,54
Rebecca,f,41
Lillian,f,57
Dennis,m,17
Kimberly,f,30
Albert,m,39
Pamela,f,31
Ralph,m,25
frances,f,53
Jacqueline,f,39
Kathryn,f,14
Stephanie,f,44
Theresa,f,27
Stephanie,f,33
Phyllis,f,48
martha,f,31
Kathryn,f,26
Alan,m,29
Jeffrey,m,20
Earl,m,18
Amy,f,34
Kimberly,f,32
Donna,f,19
Juan,m,37
Jeremy,m,53
Kathy,f,52
Stephanie,f,37
mark,m,26
Betty,f,16
Robin,f,29
Janet,f,49
Ashley,f,31
Tina,f,17
Helen,f,32
Catherine,f,26
Shawn,m,53
Dennis,m,25
Anne,f,39
Craig,m,37
Howard,m,39
matthew,m,23
Amy,f,43
matthew,m,22
Chris,m,46
Robert,m,42
Brian,m,47
Robert,m,55
Larry,m,23
Jacqueline,f,50
Shirley,f,20
Rebecca,f,56
Rebecca,f,25
Virginia,f,15
Rose,f,16
Debra,f,48
Philip,m,52
frances,f,53
Betty,f,28
Jerry,m,53
Karen,f,40
Jason,m,44
Lillian,f,17
Lawrence,m,34
Antonio,m,39
Donald,m,30
Randy,m,29
Craig,m,55
Jimmy,m,18
frank,m,31
Andrea,f,14
Keith,m,27
Aaron,m,37
Donald,m,33
Kevin,m,28
Jessica,f,58
mildred,f,44
Sandra,f,55
Cheryl,f,34
Juan,m,29
Diana,f,17
Clarence,m,43
Amy,f,50
Timothy,m,35
Beverly,f,49
Jimmy,m,57
Deborah,f,49
Lori,f,37
Ashley,f,58
Phillip,m,48
Thomas,m,36
Wayne,m,29
Brandon,m,33
Jose,m,51
Kevin,m,41
Adam,m,46
Phillip,m,31
Cynthia,f,16
Gary,m,41
Kevin,m,52
Henry,m,51
Roger,m,54
Lillian,f,14
Patricia,f,54
Justin,m,49
Jason,m,42
Clarence,m,56
Dennis,m,44
Louise,f,32
Antonio,m,46
melissa,f,30
matthew,m,19
Joseph,m,39
Joseph,m,38
Robin,f,41
Peter,m,36
fred,m,49
Alan,m,22
Ruby,f,28
Raymond,m,44
Doris,f,23
Jeremy,m,52
Earl,m,52
Kathleen,f,54
Janice,f,21
Jason,m,46
John,m,22
Angela,f,30
Daniel,m,39
Jonathan,m,37
Bonnie,f,40
Jason,m,58
Scott,m,52
Paula,f,27
Elizabeth,f,15
Walter,m,36
Kathleen,f,25
Doris,f,33
Peter,m,23
Ronald,m,41
Norma,f,40
Nicholas,m,57
Barbara,f,58
Christine,f,29
Cheryl,f,38
Nancy,f,53
Janice,f,54
Ralph,m,29
Steve,m,40
Benjamin,m,26
Deborah,f,54
Karen,f,52
Ruth,f,49
Judith,f,18
Dennis,m,58
Louise,f,38
Juan,m,55
Bobby,m,50
Justin,m,38
Keith,m,38
Shawn,m,40
Catherine,f,16
Karen,f,35
Donald,m,26
William,m,14
Andrew,m,53
Gerald,m,34
Anna,f,53
frank,m,21
Richard,m,37
Angela,f,35
Edward,m,49
martin,m,23
Ronald,m,56
Susan,f,15
Steve,m,42
Victor,m,50
Carol,f,29
Albert,m,17
marilyn,f,26
Donna,f,32
Billy,m,38
Tammy,f,53
Evelyn,f,23
Carlos,m,17
Janet,f,19
Lawrence,m,45
James,m,17
Douglas,m,57
Tammy,f,53
Peter,m,49
Raymond,m,35
Diane,f,55
Susan,f,35
William,m,34
Ann,f,36
Roy,m,58
Ruby,f,56
Virginia,f,17
Steve,m,19
Jacqueline,f,26
Anthony,m,20
Douglas,m,21
Aaron,m,46
Earl,m,34
Donald,m,15
Jimmy,m,55
Bobby,m,55
Rachel,f,17
melissa,f,16
Louis,m,39
Anna,f,21
Kenneth,m,27
Patricia,f,17
Rose,f,58
Carolyn,f,52
Laura,f,42
Scott,m,50
Jennifer,f,33
Joe,m,49
Jesse,m,58
Willie,m,20
Annie,f,42
John,m,23
Julia,f,22
Alan,m,41
Jack,m,32
Carolyn,f,49
Carol,f,54
Joe,m,55
Norma,f,46
Jimmy,m,57
Irene,f,41
Katherine,f,23
Diana,f,14
Bruce,m,58
John,m,52
Raymond,m,52
Brian,m,20
Julia,f,38
Laura,f,34
Lisa,f,36
Carol,f,57
Alice,f,31
Debra,f,58
Karen,f,27
Lillian,f,41
Ann,f,32
Billy,m,35
Kenneth,m,47
Carol,f,29
Linda,f,51
Kathleen,f,24
Phyllis,f,48
Lillian,f,41
Charles,m,32
Sandra,f,57
Jennifer,f,20
Heather,f,57
Steve,m,35
Arthur,m,49
Diana,f,57
Chris,m,58
Janice,f,42
Kevin,m,24
Keith,m,31
David,m,39
Earl,m,21
Victor,m,43
Barbara,f,25
Stephanie,f,58
marie,f,30
Louis,m,29
Lois,f,21
Jimmy,m,16
Laura,f,19
Philip,m,58
martin,m,45
Julia,f,48
Lisa,f,42
Jean,f,42
Cheryl,f,28
Theresa,f,27
Clarence,m,26
Robin,f,31
Billy,m,41
Jose,m,16
Harry,m,32
Russell,m,22
Sandra,f,46
Kevin,m,36
Nicole,f,29
Phillip,m,17
William,m,24
Joe,m,24
Julie,f,56
Jonathan,m,51
Carl,m,53
mark,m,28
Brenda,f,40
Carlos,m,44
Nicole,f,37
Annie,f,19
Julia,f,28
Debra,f,50
Elizabeth,f,17
Richard,m,38
Judy,f,56
Peter,m,17
Johnny,m,15
Samuel,m,37
Christina,f,35
Ryan,m,49
Norma,f,17
Catherine,f,42
John,m,28
Carl,m,47
mark,m,45
Heather,f,58
Julia,f,58
Keith,m,36
Thomas,m,42
Jeremy,m,25
Ralph,m,22
Jeffrey,m,30
Brenda,f,44
Charles,m,31
Justin,m,16
Thomas,m,29
Kathleen,f,50
Evelyn,f,23
Elizabeth,f,43
Benjamin,m,39
michelle,f,35
Rebecca,f,42
Albert,m,44
Johnny,m,19
Roy,m,34
Scott,m,48
Patricia,f,17
David,m,19
Thomas,m,55
Richard,m,27
Nicole,f,14
Elizabeth,f,23
matthew,m,55
michael,m,58
Ruby,f,36
Eric,m,17
Benjamin,m,48
Patrick,m,50
Rose,f,24
Shawn,m,20
Raymond,m,15
Annie,f,51
Judith,f,27
margaret,f,40
Charles,m,45
Gloria,f,27
Debra,f,56
Teresa,f,31
maria,f,54
Jane,f,41
Lillian,f,26
Benjamin,m,19
Philip,m,31
Raymond,m,49
Carl,m,36
Gregory,m,46
Christine,f,48
Debra,f,16
Ernest,m,27
Harold,m,14
mary,f,18
Carol,f,25
Stephanie,f,17
Willie,m,52
Arthur,m,49
Jose,m,58
Jean,f,42
Teresa,f,52
Jennifer,f,29
Debra,f,42
Cynthia,f,38
Elizabeth,f,36
Harry,m,46
Craig,m,26
Ashley,f,18
Edward,m,27
Anna,f,23
Linda,f,44
Roy,m,19
Scott,m,35
Dorothy,f,27
Ryan,m,39
Joan,f,52
Randy,m,21
Charles,m,47
Ann,f,33
Anne,f,38
Roger,m,46
Bobby,m,33
mildred,f,42
Cynthia,f,21
Judith,f,45
Linda,f,41
Kelly,f,23
Bruce,m,44
Rebecca,f,27
Tammy,f,50
mary,f,55
Linda,f,58
Debra,f,22
Ruby,f,52
Scott,m,38
Amanda,f,43
Sean,m,56
Donald,m,58
Todd,m,37
Jessica,f,28
Stephen,m,53
Betty,f,55
Aaron,m,21
Kelly,f,55
Lois,f,30
martin,m,31
Sharon,f,31
marilyn,f,15
Julie,f,28
